Jack Rowe,5k,13:20
Jack Rowe,10k,28:06
Jack Rowe,5k,12:53
Jack Rowe,10k,27:25
Jack Rowe,10 mile,45:14
Jack Rowe,5k,13:20
Jack Rowe,10k,28:06
Jack Rowe,5k,12:53
Jack Rowe,10k,27:25
Jack Rowe,10 mile,45:14
Jack Rowe,5k,13:20
Jack Rowe,10k,28:06
Jack Rowe,5k,12:53
Jack Rowe,10k,27:25
Jack Rowe,10 mile,45:14
Jack Rowe,5k,13:20
Jack Rowe,10k,28:06
Jack Rowe,5k,12:53
Jack Rowe,10k,27:25
Jack Rowe,10 mile,45:14
Jack Rowe,5k,13:20
Jack Rowe,10k,28:06
Jack Rowe,5k,12:53
Jack Rowe,10k,27:25
Jack Rowe,10 mile,45:14
Jake Smith,5k,13:38
Jake Smith,10k,28:01
Jake Smith,5k,13:10
Jake Smith,10k,26:27
Jake Smith,10 mile,44:45
Andy Vernon,,
Andy Vernon,,
Andy Vernon,,
Jack Rowe,5k,13:20
Jack Rowe,10k,28:06
Jack Rowe,5k,12:53
Jack Rowe,10k,27:25
Jack Rowe,10 mile,45:14
Jake Smith,5k,13:38
Jake Smith,10k,28:01
Jake Smith,5k,13:10
Jake Smith,10k,26:27
Jake Smith,10 mile,44:45
Joshua Grace,5k,13:56
Joshua Grace,10k,28:59
Joshua Grace,5k,13:59
Joshua Grace,10k,29:11
Joshua Grace,10 mile,48:24
Jack Rowe,5k,13:20
Jack Rowe,10k,28:06
Jack Rowe,5k,12:53
Jack Rowe,10k,27:25
Jack Rowe,10 mile,45:14
Jack Rowe,564
Jack Rowe,"4,407.0 mi"
Jack Rowe,492h 53m
Jack Rowe,"2,143"
Jack Rowe,"16,423.2 mi"
Jack Rowe,1831h 53m
Jack Rowe,
Jack Rowe,
Jack Rowe,
Jack Rowe,
Jack Rowe,
Jack Rowe,
Jack Rowe,
Jack Rowe,
Jack Rowe,
Jack Rowe,
Jack Rowe,
Jack Rowe,
Jack Rowe,
Jack Rowe,
Jack Rowe,
Jack Rowe,
Jack Rowe,
Jack Rowe,
Jack Rowe,5k,13:20
Jack Rowe,10k,28:06
Jack Rowe,5k,12:53
Jack Rowe,10k,27:25
Jack Rowe,10 mile,45:14
